insert into users (user_id, name, email) values (1, 'Aloin', 'awethey0@answers.com');
insert into users (user_id, name, email) values (2, 'Nani', 'nrosenblath1@fc2.com');
insert into users (user_id, name, email) values (3, 'Aurea', 'apratchett2@tripadvisor.com');
insert into users (user_id, name, email) values (4, 'Osborne', 'ospringtorp3@zimbio.com');
insert into users (user_id, name, email) values (5, 'Nobie', 'nbascomb4@google.pl');
insert into users (user_id, name, email) values (6, 'Katrinka', 'kvenners5@yahoo.com');
insert into users (user_id, name, email) values (7, 'Ericha', 'epennaman6@yolasite.com');
insert into users (user_id, name, email) values (8, 'Lona', 'lyork7@live.com');
insert into users (user_id, name, email) values (9, 'Lizbeth', 'ltosh8@meetup.com');
insert into users (user_id, name, email) values (10, 'Catha', 'cmaria9@narod.ru');
insert into users (user_id, name, email) values (11, 'Leigha', 'lbarra@abc.net.au');
insert into users (user_id, name, email) values (12, 'Jeniece', 'jmattschasb@sohu.com');
insert into users (user_id, name, email) values (13, 'Seumas', 'sdieganc@cisco.com');
insert into users (user_id, name, email) values (14, 'Alexandro', 'aseakd@ovh.net');
insert into users (user_id, name, email) values (15, 'Maudie', 'mphilipete@miitbeian.gov.cn');
insert into users (user_id, name, email) values (16, 'Davie', 'dsambeckf@opensource.org');
insert into users (user_id, name, email) values (17, 'Hewitt', 'hbruninig@whitehouse.gov');
insert into users (user_id, name, email) values (18, 'Domenic', 'dhucklebyh@china.com.cn');
insert into users (user_id, name, email) values (19, 'Shandie', 'skobierai@360.cn');
insert into users (user_id, name, email) values (20, 'Jaquenetta', 'jkyttorj@dropbox.com');
insert into users (user_id, name, email) values (21, 'Evy', 'ecottisk@uiuc.edu');
insert into users (user_id, name, email) values (22, 'Hill', 'hloftsl@1und1.de');
insert into users (user_id, name, email) values (23, 'Krissie', 'kmockesm@upenn.edu');
insert into users (user_id, name, email) values (24, 'Barris', 'bslyden@ezinearticles.com');
insert into users (user_id, name, email) values (25, 'Mirabel', 'mgregolo@constantcontact.com');
insert into users (user_id, name, email) values (26, 'Dionne', 'dpasslerp@bloomberg.com');
insert into users (user_id, name, email) values (27, 'Anastasie', 'alawrieq@huffingtonpost.com');
insert into users (user_id, name, email) values (28, 'Brande', 'bhoylandr@businesswire.com');
insert into users (user_id, name, email) values (29, 'Merrilee', 'moverells@yelp.com');
insert into users (user_id, name, email) values (30, 'Adair', 'alehrt@homestead.com');
insert into users (user_id, name, email) values (31, 'Yardley', 'ymckeonu@economist.com');
insert into users (user_id, name, email) values (32, 'Aarika', 'asimioliv@go.com');
insert into users (user_id, name, email) values (33, 'Denni', 'ddochonw@liveinternet.ru');
insert into users (user_id, name, email) values (34, 'Susanna', 'sclausenthuex@sbwire.com');
insert into users (user_id, name, email) values (35, 'Kory', 'ksteadmany@indiegogo.com');
insert into users (user_id, name, email) values (36, 'Celina', 'cmathiassenz@noaa.gov');
insert into users (user_id, name, email) values (37, 'Steffen', 'sdrugan10@csmonitor.com');
insert into users (user_id, name, email) values (38, 'Amberly', 'awallworke11@economist.com');
insert into users (user_id, name, email) values (39, 'Malynda', 'mhugett12@pinterest.com');
insert into users (user_id, name, email) values (40, 'Reg', 'rlagneaux13@ucla.edu');
insert into users (user_id, name, email) values (41, 'Gisella', 'ghindenburg14@pcworld.com');
insert into users (user_id, name, email) values (42, 'Saunders', 'smerveille15@npr.org');
insert into users (user_id, name, email) values (43, 'Lorna', 'lbrusin16@cornell.edu');
insert into users (user_id, name, email) values (44, 'Adorne', 'aollivierre17@webeden.co.uk');
insert into users (user_id, name, email) values (45, 'Chiquita', 'ccooksley18@ameblo.jp');
insert into users (user_id, name, email) values (46, 'Shayne', 'skupis19@dell.com');
insert into users (user_id, name, email) values (47, 'Howey', 'hodulchonta1a@ucla.edu');
insert into users (user_id, name, email) values (48, 'Zorah', 'zpichmann1b@rediff.com');
insert into users (user_id, name, email) values (49, 'Linell', 'lskains1c@artisteer.com');
insert into users (user_id, name, email) values (50, 'Herman', 'hvynoll1d@house.gov');
insert into users (user_id, name, email) values (51, 'Teri', 'tadami1e@last.fm');
insert into users (user_id, name, email) values (52, 'Jolee', 'jscreaton1f@vimeo.com');
insert into users (user_id, name, email) values (53, 'Dru', 'dliddall1g@ibm.com');
insert into users (user_id, name, email) values (54, 'Hubey', 'hseivwright1h@parallels.com');
insert into users (user_id, name, email) values (55, 'Hubie', 'haykroyd1i@nasa.gov');
insert into users (user_id, name, email) values (56, 'Archibold', 'adoulton1j@cocolog-nifty.com');
insert into users (user_id, name, email) values (57, 'Preston', 'psaladino1k@mtv.com');
insert into users (user_id, name, email) values (58, 'Astrix', 'aondrich1l@fema.gov');
insert into users (user_id, name, email) values (59, 'Winfield', 'wgowry1m@telegraph.co.uk');
insert into users (user_id, name, email) values (60, 'Case', 'clednor1n@1und1.de');
insert into users (user_id, name, email) values (61, 'Perice', 'pluce1o@omniture.com');
insert into users (user_id, name, email) values (62, 'Zedekiah', 'ztingcomb1p@phoca.cz');
insert into users (user_id, name, email) values (63, 'Aidan', 'avellender1q@bbc.co.uk');
insert into users (user_id, name, email) values (64, 'Kipper', 'krudland1r@dmoz.org');
insert into users (user_id, name, email) values (65, 'Romeo', 'rholborn1s@omniture.com');
insert into users (user_id, name, email) values (66, 'Guillermo', 'gfozzard1t@miitbeian.gov.cn');
insert into users (user_id, name, email) values (67, 'Juliann', 'jhickeringill1u@github.io');
insert into users (user_id, name, email) values (68, 'Celestyna', 'cmarshall1v@nyu.edu');
insert into users (user_id, name, email) values (69, 'Lilla', 'lrochelle1w@mlb.com');
insert into users (user_id, name, email) values (70, 'Elbertina', 'ekrates1x@newsvine.com');
insert into users (user_id, name, email) values (71, 'Dur', 'dbedford1y@csmonitor.com');
insert into users (user_id, name, email) values (72, 'Dominique', 'dhaye1z@hao123.com');
insert into users (user_id, name, email) values (73, 'Pris', 'planghor20@un.org');
insert into users (user_id, name, email) values (74, 'Marietta', 'miacopetti21@cdbaby.com');
insert into users (user_id, name, email) values (75, 'Jasen', 'jlarder22@unc.edu');
insert into users (user_id, name, email) values (76, 'Murielle', 'mhealeas23@studiopress.com');
insert into users (user_id, name, email) values (77, 'Gae', 'gmcgibbon24@google.nl');
insert into users (user_id, name, email) values (78, 'Nerissa', 'njobey25@plala.or.jp');
insert into users (user_id, name, email) values (79, 'Rafa', 'reustis26@mtv.com');
insert into users (user_id, name, email) values (80, 'Dewey', 'despin27@mapy.cz');
insert into users (user_id, name, email) values (81, 'Urbano', 'ulestrange28@ebay.co.uk');
insert into users (user_id, name, email) values (82, 'Lettie', 'lchanner29@washington.edu');
insert into users (user_id, name, email) values (83, 'Gilli', 'gebden2a@deviantart.com');
insert into users (user_id, name, email) values (84, 'Vonnie', 'vsamart2b@dion.ne.jp');
insert into users (user_id, name, email) values (85, 'Craggy', 'ccornuau2c@aol.com');
insert into users (user_id, name, email) values (86, 'Ketty', 'krenon2d@ocn.ne.jp');
insert into users (user_id, name, email) values (87, 'Lea', 'lkeijser2e@shop-pro.jp');
insert into users (user_id, name, email) values (88, 'Jacobo', 'jbeall2f@shareasale.com');
insert into users (user_id, name, email) values (89, 'Levi', 'lgommowe2g@drupal.org');
insert into users (user_id, name, email) values (90, 'Valentine', 'vbowhey2h@tinyurl.com');
insert into users (user_id, name, email) values (91, 'Dell', 'dballach2i@harvard.edu');
insert into users (user_id, name, email) values (92, 'Lotti', 'ldrakes2j@spiegel.de');
insert into users (user_id, name, email) values (93, 'Sharleen', 'smclorinan2k@narod.ru');
insert into users (user_id, name, email) values (94, 'Raye', 'rdehooch2l@disqus.com');
insert into users (user_id, name, email) values (95, 'Nicko', 'nwinsom2m@51.la');
insert into users (user_id, name, email) values (96, 'Nat', 'nscoble2n@wikia.com');
insert into users (user_id, name, email) values (97, 'Alex', 'adoore2o@ask.com');
insert into users (user_id, name, email) values (98, 'Juli', 'jgetty2p@xrea.com');
insert into users (user_id, name, email) values (99, 'Elie', 'emagnay2q@dmoz.org');
insert into users (user_id, name, email) values (100, 'Molli', 'mjorger2r@blogtalkradio.com');


insert into rooms (room_id, name, num_columns, num_rows) values (1, 'lnickoll0', 1, 1);
insert into rooms (room_id, name, num_columns, num_rows) values (2, 'fzaniolo1', 2, 2);
insert into rooms (room_id, name, num_columns, num_rows) values (3, 'vduxbury2', 3, 3);
insert into rooms (room_id, name, num_columns, num_rows) values (4, 'mlighton3', 4, 4);
insert into rooms (room_id, name, num_columns, num_rows) values (5, 'dlearmonth4', 5, 5);
insert into rooms (room_id, name, num_columns, num_rows) values (6, 'mpoundesford5', 6, 6);
insert into rooms (room_id, name, num_columns, num_rows) values (7, 'kingarfield6', 7, 7);
insert into rooms (room_id, name, num_columns, num_rows) values (8, 'glloyds7', 8, 8);
insert into rooms (room_id, name, num_columns, num_rows) values (9, 'oalfonsetti8', 9, 9);
insert into rooms (room_id, name, num_columns, num_rows) values (10, 'gskain9', 10, 10);
insert into rooms (room_id, name, num_columns, num_rows) values (11, 'kclearleya', 11, 11);
insert into rooms (room_id, name, num_columns, num_rows) values (12, 'ljillionsb', 12, 12);
insert into rooms (room_id, name, num_columns, num_rows) values (13, 'kbestec', 13, 13);
insert into rooms (room_id, name, num_columns, num_rows) values (14, 'gdunlopd', 14, 14);
insert into rooms (room_id, name, num_columns, num_rows) values (15, 'mbimrosee', 15, 15);
insert into rooms (room_id, name, num_columns, num_rows) values (16, 'lbarkessf', 16, 16);
insert into rooms (room_id, name, num_columns, num_rows) values (17, 'stomanekg', 17, 17);
insert into rooms (room_id, name, num_columns, num_rows) values (18, 'dferencowiczh', 18, 18);
insert into rooms (room_id, name, num_columns, num_rows) values (19, 'tklementi', 19, 19);
insert into rooms (room_id, name, num_columns, num_rows) values (20, 'zpaulackj', 20, 20);
insert into rooms (room_id, name, num_columns, num_rows) values (21, 'eemmanuelik', 21, 21);
insert into rooms (room_id, name, num_columns, num_rows) values (22, 'mteenanl', 22, 22);
insert into rooms (room_id, name, num_columns, num_rows) values (23, 'tracciom', 23, 23);
insert into rooms (room_id, name, num_columns, num_rows) values (24, 'estairmandn', 24, 24);
insert into rooms (room_id, name, num_columns, num_rows) values (25, 'cduffello', 25, 25);
insert into rooms (room_id, name, num_columns, num_rows) values (26, 'brideoutp', 26, 26);
insert into rooms (room_id, name, num_columns, num_rows) values (27, 'epenniniq', 27, 27);
insert into rooms (room_id, name, num_columns, num_rows) values (28, 'pgibardr', 28, 28);
insert into rooms (room_id, name, num_columns, num_rows) values (29, 'imabbss', 29, 29);
insert into rooms (room_id, name, num_columns, num_rows) values (30, 'epoynsert', 30, 30);
insert into rooms (room_id, name, num_columns, num_rows) values (31, 'bdayneu', 31, 31);
insert into rooms (room_id, name, num_columns, num_rows) values (32, 'rcolvinev', 32, 32);
insert into rooms (room_id, name, num_columns, num_rows) values (33, 'sanniesw', 33, 33);
insert into rooms (room_id, name, num_columns, num_rows) values (34, 'kmcmeekinx', 34, 34);
insert into rooms (room_id, name, num_columns, num_rows) values (35, 'agavriellyy', 35, 35);
insert into rooms (room_id, name, num_columns, num_rows) values (36, 'dkellittz', 36, 36);
insert into rooms (room_id, name, num_columns, num_rows) values (37, 'hschutt10', 37, 37);
insert into rooms (room_id, name, num_columns, num_rows) values (38, 'amacer11', 38, 38);
insert into rooms (room_id, name, num_columns, num_rows) values (39, 'ipozzi12', 39, 39);
insert into rooms (room_id, name, num_columns, num_rows) values (40, 'bnortunen13', 40, 40);
insert into rooms (room_id, name, num_columns, num_rows) values (41, 'rkhadir14', 41, 41);
insert into rooms (room_id, name, num_columns, num_rows) values (42, 'slobley15', 42, 42);
insert into rooms (room_id, name, num_columns, num_rows) values (43, 'bludlow16', 43, 43);
insert into rooms (room_id, name, num_columns, num_rows) values (44, 'gcrackett17', 44, 44);
insert into rooms (room_id, name, num_columns, num_rows) values (45, 'lofallowne18', 45, 45);
insert into rooms (room_id, name, num_columns, num_rows) values (46, 'kbuckston19', 46, 46);
insert into rooms (room_id, name, num_columns, num_rows) values (47, 'pdecaville1a', 47, 47);
insert into rooms (room_id, name, num_columns, num_rows) values (48, 'akaubisch1b', 48, 48);
insert into rooms (room_id, name, num_columns, num_rows) values (49, 'kbarlace1c', 49, 49);
insert into rooms (room_id, name, num_columns, num_rows) values (50, 'bmechem1d', 50, 50);
insert into rooms (room_id, name, num_columns, num_rows) values (51, 'gcarse1e', 51, 51);
insert into rooms (room_id, name, num_columns, num_rows) values (52, 'mbestwick1f', 52, 52);
insert into rooms (room_id, name, num_columns, num_rows) values (53, 'jcaulier1g', 53, 53);
insert into rooms (room_id, name, num_columns, num_rows) values (54, 'bkeward1h', 54, 54);
insert into rooms (room_id, name, num_columns, num_rows) values (55, 'gwinterscale1i', 55, 55);
insert into rooms (room_id, name, num_columns, num_rows) values (56, 'ieric1j', 56, 56);
insert into rooms (room_id, name, num_columns, num_rows) values (57, 'hcraske1k', 57, 57);
insert into rooms (room_id, name, num_columns, num_rows) values (58, 'dchapier1l', 58, 58);
insert into rooms (room_id, name, num_columns, num_rows) values (59, 'crowling1m', 59, 59);
insert into rooms (room_id, name, num_columns, num_rows) values (60, 'ifinlason1n', 60, 60);
insert into rooms (room_id, name, num_columns, num_rows) values (61, 'vaburrow1o', 61, 61);
insert into rooms (room_id, name, num_columns, num_rows) values (62, 'cfausset1p', 62, 62);
insert into rooms (room_id, name, num_columns, num_rows) values (63, 'abestiman1q', 63, 63);
insert into rooms (room_id, name, num_columns, num_rows) values (64, 'gspraggon1r', 64, 64);
insert into rooms (room_id, name, num_columns, num_rows) values (65, 'bwalsham1s', 65, 65);
insert into rooms (room_id, name, num_columns, num_rows) values (66, 'hdaughtry1t', 66, 66);
insert into rooms (room_id, name, num_columns, num_rows) values (67, 'fvanner1u', 67, 67);
insert into rooms (room_id, name, num_columns, num_rows) values (68, 'wpress1v', 68, 68);
insert into rooms (room_id, name, num_columns, num_rows) values (69, 'hyeldham1w', 69, 69);
insert into rooms (room_id, name, num_columns, num_rows) values (70, 'mlockie1x', 70, 70);
insert into rooms (room_id, name, num_columns, num_rows) values (71, 'sszach1y', 71, 71);
insert into rooms (room_id, name, num_columns, num_rows) values (72, 'lsowerby1z', 72, 72);
insert into rooms (room_id, name, num_columns, num_rows) values (73, 'ngarrique20', 73, 73);
insert into rooms (room_id, name, num_columns, num_rows) values (74, 'bmckevany21', 74, 74);
insert into rooms (room_id, name, num_columns, num_rows) values (75, 'edummigan22', 75, 75);
insert into rooms (room_id, name, num_columns, num_rows) values (76, 'odorward23', 76, 76);
insert into rooms (room_id, name, num_columns, num_rows) values (77, 'gsnoddin24', 77, 77);
insert into rooms (room_id, name, num_columns, num_rows) values (78, 'gcejka25', 78, 78);
insert into rooms (room_id, name, num_columns, num_rows) values (79, 'agoodband26', 79, 79);
insert into rooms (room_id, name, num_columns, num_rows) values (80, 'pruckledge27', 80, 80);
insert into rooms (room_id, name, num_columns, num_rows) values (81, 'dspadotto28', 81, 81);
insert into rooms (room_id, name, num_columns, num_rows) values (82, 'sstruan29', 82, 82);
insert into rooms (room_id, name, num_columns, num_rows) values (83, 'sdrain2a', 83, 83);
insert into rooms (room_id, name, num_columns, num_rows) values (84, 'jlammerich2b', 84, 84);
insert into rooms (room_id, name, num_columns, num_rows) values (85, 'ccowhig2c', 85, 85);
insert into rooms (room_id, name, num_columns, num_rows) values (86, 'jcalabry2d', 86, 86);
insert into rooms (room_id, name, num_columns, num_rows) values (87, 'kwhistlecroft2e', 87, 87);
insert into rooms (room_id, name, num_columns, num_rows) values (88, 'hpritchett2f', 88, 88);
insert into rooms (room_id, name, num_columns, num_rows) values (89, 'hmoffatt2g', 89, 89);
insert into rooms (room_id, name, num_columns, num_rows) values (90, 'jhanbury2h', 90, 90);
insert into rooms (room_id, name, num_columns, num_rows) values (91, 'plebang2i', 91, 91);
insert into rooms (room_id, name, num_columns, num_rows) values (92, 'hwhal2j', 92, 92);
insert into rooms (room_id, name, num_columns, num_rows) values (93, 'rwittering2k', 93, 93);
insert into rooms (room_id, name, num_columns, num_rows) values (94, 'mpople2l', 94, 94);
insert into rooms (room_id, name, num_columns, num_rows) values (95, 'sflemmich2m', 95, 95);
insert into rooms (room_id, name, num_columns, num_rows) values (96, 'fwormstone2n', 96, 96);
insert into rooms (room_id, name, num_columns, num_rows) values (97, 'bpasque2o', 97, 97);
insert into rooms (room_id, name, num_columns, num_rows) values (98, 'pshermore2p', 98, 98);
insert into rooms (room_id, name, num_columns, num_rows) values (99, 'jmoir2q', 99, 99);
insert into rooms (room_id, name, num_columns, num_rows) values (100, 'gortas2r', 100, 100);


insert into sessions (session_id, start_time, end_time, room_id) values (1, '7/8/2023', '2/8/2024', 33);
insert into sessions (session_id, start_time, end_time, room_id) values (2, '4/13/2024', '4/13/2024', 63);
insert into sessions (session_id, start_time, end_time, room_id) values (3, '1/7/2024', '3/14/2024', 93);
insert into sessions (session_id, start_time, end_time, room_id) values (4, '11/24/2023', '2/26/2024', 94);
insert into sessions (session_id, start_time, end_time, room_id) values (5, '10/30/2023', '8/7/2023', 55);
insert into sessions (session_id, start_time, end_time, room_id) values (6, '5/11/2024', '7/10/2023', 16);
insert into sessions (session_id, start_time, end_time, room_id) values (7, '7/28/2023', '8/11/2023', 41);
insert into sessions (session_id, start_time, end_time, room_id) values (8, '9/18/2023', '9/5/2023', 88);
insert into sessions (session_id, start_time, end_time, room_id) values (9, '4/26/2024', '11/3/2023', 73);
insert into sessions (session_id, start_time, end_time, room_id) values (10, '3/21/2024', '11/1/2023', 3);
insert into sessions (session_id, start_time, end_time, room_id) values (11, '1/23/2024', '6/1/2024', 36);
insert into sessions (session_id, start_time, end_time, room_id) values (12, '12/22/2023', '10/5/2023', 81);
insert into sessions (session_id, start_time, end_time, room_id) values (13, '11/11/2023', '4/7/2024', 4);
insert into sessions (session_id, start_time, end_time, room_id) values (14, '3/15/2024', '6/27/2023', 47);
insert into sessions (session_id, start_time, end_time, room_id) values (15, '12/15/2023', '9/3/2023', 7);
insert into sessions (session_id, start_time, end_time, room_id) values (16, '3/29/2024', '9/9/2023', 56);
insert into sessions (session_id, start_time, end_time, room_id) values (17, '10/6/2023', '8/22/2023', 69);
insert into sessions (session_id, start_time, end_time, room_id) values (18, '4/6/2024', '7/25/2023', 58);
insert into sessions (session_id, start_time, end_time, room_id) values (19, '1/27/2024', '2/4/2024', 51);
insert into sessions (session_id, start_time, end_time, room_id) values (20, '3/27/2024', '5/24/2024', 65);
insert into sessions (session_id, start_time, end_time, room_id) values (21, '4/19/2024', '11/25/2023', 6);
insert into sessions (session_id, start_time, end_time, room_id) values (22, '4/4/2024', '8/30/2023', 36);
insert into sessions (session_id, start_time, end_time, room_id) values (23, '9/14/2023', '12/16/2023', 69);
insert into sessions (session_id, start_time, end_time, room_id) values (24, '5/29/2024', '7/2/2023', 24);
insert into sessions (session_id, start_time, end_time, room_id) values (25, '2/27/2024', '7/5/2023', 50);
insert into sessions (session_id, start_time, end_time, room_id) values (26, '10/4/2023', '1/16/2024', 61);
insert into sessions (session_id, start_time, end_time, room_id) values (27, '5/3/2024', '3/23/2024', 94);
insert into sessions (session_id, start_time, end_time, room_id) values (28, '12/23/2023', '12/7/2023', 7);
insert into sessions (session_id, start_time, end_time, room_id) values (29, '6/10/2024', '3/27/2024', 17);
insert into sessions (session_id, start_time, end_time, room_id) values (30, '5/30/2024', '2/23/2024', 80);
insert into sessions (session_id, start_time, end_time, room_id) values (31, '10/24/2023', '6/4/2024', 39);
insert into sessions (session_id, start_time, end_time, room_id) values (32, '12/18/2023', '8/13/2023', 29);
insert into sessions (session_id, start_time, end_time, room_id) values (33, '6/11/2024', '1/23/2024', 77);
insert into sessions (session_id, start_time, end_time, room_id) values (34, '3/2/2024', '1/1/2024', 62);
insert into sessions (session_id, start_time, end_time, room_id) values (35, '4/13/2024', '8/12/2023', 26);
insert into sessions (session_id, start_time, end_time, room_id) values (36, '6/30/2023', '12/22/2023', 43);
insert into sessions (session_id, start_time, end_time, room_id) values (37, '11/6/2023', '8/21/2023', 52);
insert into sessions (session_id, start_time, end_time, room_id) values (38, '4/28/2024', '2/28/2024', 11);
insert into sessions (session_id, start_time, end_time, room_id) values (39, '10/2/2023', '6/8/2024', 56);
insert into sessions (session_id, start_time, end_time, room_id) values (40, '4/1/2024', '7/19/2023', 96);
insert into sessions (session_id, start_time, end_time, room_id) values (41, '9/8/2023', '4/9/2024', 21);
insert into sessions (session_id, start_time, end_time, room_id) values (42, '4/29/2024', '6/9/2024', 47);
insert into sessions (session_id, start_time, end_time, room_id) values (43, '3/21/2024', '3/13/2024', 10);
insert into sessions (session_id, start_time, end_time, room_id) values (44, '9/9/2023', '10/6/2023', 20);
insert into sessions (session_id, start_time, end_time, room_id) values (45, '8/9/2023', '6/20/2023', 68);
insert into sessions (session_id, start_time, end_time, room_id) values (46, '8/17/2023', '11/29/2023', 35);
insert into sessions (session_id, start_time, end_time, room_id) values (47, '12/20/2023', '4/24/2024', 78);
insert into sessions (session_id, start_time, end_time, room_id) values (48, '10/18/2023', '7/18/2023', 48);
insert into sessions (session_id, start_time, end_time, room_id) values (49, '11/25/2023', '9/4/2023', 4);
insert into sessions (session_id, start_time, end_time, room_id) values (50, '1/2/2024', '12/20/2023', 83);
insert into sessions (session_id, start_time, end_time, room_id) values (51, '5/5/2024', '3/17/2024', 55);
insert into sessions (session_id, start_time, end_time, room_id) values (52, '1/11/2024', '4/24/2024', 13);
insert into sessions (session_id, start_time, end_time, room_id) values (53, '6/7/2024', '8/26/2023', 8);
insert into sessions (session_id, start_time, end_time, room_id) values (54, '7/7/2023', '6/7/2024', 10);
insert into sessions (session_id, start_time, end_time, room_id) values (55, '12/26/2023', '10/21/2023', 42);
insert into sessions (session_id, start_time, end_time, room_id) values (56, '6/2/2024', '8/26/2023', 99);
insert into sessions (session_id, start_time, end_time, room_id) values (57, '3/19/2024', '10/3/2023', 52);
insert into sessions (session_id, start_time, end_time, room_id) values (58, '5/8/2024', '7/26/2023', 98);
insert into sessions (session_id, start_time, end_time, room_id) values (59, '12/11/2023', '10/8/2023', 57);
insert into sessions (session_id, start_time, end_time, room_id) values (60, '9/23/2023', '10/20/2023', 4);
insert into sessions (session_id, start_time, end_time, room_id) values (61, '2/9/2024', '2/12/2024', 57);
insert into sessions (session_id, start_time, end_time, room_id) values (62, '5/5/2024', '11/9/2023', 99);
insert into sessions (session_id, start_time, end_time, room_id) values (63, '11/27/2023', '4/13/2024', 20);
insert into sessions (session_id, start_time, end_time, room_id) values (64, '12/29/2023', '10/29/2023', 27);
insert into sessions (session_id, start_time, end_time, room_id) values (65, '3/29/2024', '6/14/2024', 4);
insert into sessions (session_id, start_time, end_time, room_id) values (66, '4/25/2024', '3/22/2024', 58);
insert into sessions (session_id, start_time, end_time, room_id) values (67, '2/15/2024', '1/14/2024', 13);
insert into sessions (session_id, start_time, end_time, room_id) values (68, '8/28/2023', '12/12/2023', 50);
insert into sessions (session_id, start_time, end_time, room_id) values (69, '5/29/2024', '9/2/2023', 94);
insert into sessions (session_id, start_time, end_time, room_id) values (70, '2/11/2024', '12/5/2023', 12);
insert into sessions (session_id, start_time, end_time, room_id) values (71, '4/2/2024', '1/9/2024', 10);
insert into sessions (session_id, start_time, end_time, room_id) values (72, '2/10/2024', '1/25/2024', 38);
insert into sessions (session_id, start_time, end_time, room_id) values (73, '6/28/2023', '11/16/2023', 34);
insert into sessions (session_id, start_time, end_time, room_id) values (74, '6/6/2024', '11/21/2023', 30);
insert into sessions (session_id, start_time, end_time, room_id) values (75, '3/15/2024', '7/17/2023', 5);
insert into sessions (session_id, start_time, end_time, room_id) values (76, '12/9/2023', '7/30/2023', 94);
insert into sessions (session_id, start_time, end_time, room_id) values (77, '2/18/2024', '8/22/2023', 43);
insert into sessions (session_id, start_time, end_time, room_id) values (78, '10/5/2023', '2/27/2024', 56);
insert into sessions (session_id, start_time, end_time, room_id) values (79, '4/29/2024', '1/19/2024', 86);
insert into sessions (session_id, start_time, end_time, room_id) values (80, '2/10/2024', '9/13/2023', 50);
insert into sessions (session_id, start_time, end_time, room_id) values (81, '11/24/2023', '5/31/2024', 89);
insert into sessions (session_id, start_time, end_time, room_id) values (82, '11/15/2023', '9/16/2023', 51);
insert into sessions (session_id, start_time, end_time, room_id) values (83, '7/12/2023', '10/17/2023', 42);
insert into sessions (session_id, start_time, end_time, room_id) values (84, '4/9/2024', '10/22/2023', 58);
insert into sessions (session_id, start_time, end_time, room_id) values (85, '6/17/2024', '8/18/2023', 44);
insert into sessions (session_id, start_time, end_time, room_id) values (86, '5/23/2024', '6/17/2024', 55);
insert into sessions (session_id, start_time, end_time, room_id) values (87, '2/17/2024', '6/3/2024', 23);
insert into sessions (session_id, start_time, end_time, room_id) values (88, '6/15/2024', '2/14/2024', 73);
insert into sessions (session_id, start_time, end_time, room_id) values (89, '10/31/2023', '4/29/2024', 45);
insert into sessions (session_id, start_time, end_time, room_id) values (90, '12/11/2023', '6/10/2024', 18);
insert into sessions (session_id, start_time, end_time, room_id) values (91, '8/16/2023', '10/19/2023', 20);
insert into sessions (session_id, start_time, end_time, room_id) values (92, '4/28/2024', '1/4/2024', 61);
insert into sessions (session_id, start_time, end_time, room_id) values (93, '11/10/2023', '5/29/2024', 100);
insert into sessions (session_id, start_time, end_time, room_id) values (94, '4/11/2024', '12/9/2023', 77);
insert into sessions (session_id, start_time, end_time, room_id) values (95, '12/5/2023', '1/23/2024', 76);
insert into sessions (session_id, start_time, end_time, room_id) values (96, '6/3/2024', '1/6/2024', 49);
insert into sessions (session_id, start_time, end_time, room_id) values (97, '8/27/2023', '7/30/2023', 7);
insert into sessions (session_id, start_time, end_time, room_id) values (98, '11/30/2023', '1/14/2024', 64);
insert into sessions (session_id, start_time, end_time, room_id) values (99, '2/20/2024', '10/3/2023', 16);
insert into sessions (session_id, start_time, end_time, room_id) values (100, '10/22/2023', '3/21/2024', 97);


insert into workspaces (workspace_id, room_id, row_numer, col_number) values (1, 1, 67, 19);
insert into workspaces (workspace_id, room_id, row_numer, col_number) values (2, 2, 23, 64);
insert into workspaces (workspace_id, room_id, row_numer, col_number) values (3, 3, 39, 22);
insert into workspaces (workspace_id, room_id, row_numer, col_number) values (4, 4, 93, 32);
insert into workspaces (workspace_id, room_id, row_numer, col_number) values (5, 5, 51, 87);
insert into workspaces (workspace_id, room_id, row_numer, col_number) values (6, 6, 90, 53);
insert into workspaces (workspace_id, room_id, row_numer, col_number) values (7, 7, 28, 16);
insert into workspaces (workspace_id, room_id, row_numer, col_number) values (8, 8, 56, 2);
insert into workspaces (workspace_id, room_id, row_numer, col_number) values (9, 9, 59, 15);
insert into workspaces (workspace_id, room_id, row_numer, col_number) values (10, 10, 33, 93);
insert into workspaces (workspace_id, room_id, row_numer, col_number) values (11, 11, 20, 4);
insert into workspaces (workspace_id, room_id, row_numer, col_number) values (12, 12, 2, 79);
insert into workspaces (workspace_id, room_id, row_numer, col_number) values (13, 13, 67, 64);
insert into workspaces (workspace_id, room_id, row_numer, col_number) values (14, 14, 7, 24);
insert into workspaces (workspace_id, room_id, row_numer, col_number) values (15, 15, 63, 27);
insert into workspaces (workspace_id, room_id, row_numer, col_number) values (16, 16, 75, 87);
insert into workspaces (workspace_id, room_id, row_numer, col_number) values (17, 17, 93, 29);
insert into workspaces (workspace_id, room_id, row_numer, col_number) values (18, 18, 1, 46);
insert into workspaces (workspace_id, room_id, row_numer, col_number) values (19, 19, 93, 62);
insert into workspaces (workspace_id, room_id, row_numer, col_number) values (20, 20, 43, 28);
insert into workspaces (workspace_id, room_id, row_numer, col_number) values (21, 21, 29, 98);
insert into workspaces (workspace_id, room_id, row_numer, col_number) values (22, 22, 9, 24);
insert into workspaces (workspace_id, room_id, row_numer, col_number) values (23, 23, 46, 72);
insert into workspaces (workspace_id, room_id, row_numer, col_number) values (24, 24, 39, 28);
insert into workspaces (workspace_id, room_id, row_numer, col_number) values (25, 25, 27, 48);
insert into workspaces (workspace_id, room_id, row_numer, col_number) values (26, 26, 3, 41);
insert into workspaces (workspace_id, room_id, row_numer, col_number) values (27, 27, 63, 57);
insert into workspaces (workspace_id, room_id, row_numer, col_number) values (28, 28, 45, 29);
insert into workspaces (workspace_id, room_id, row_numer, col_number) values (29, 29, 50, 82);
insert into workspaces (workspace_id, room_id, row_numer, col_number) values (30, 30, 65, 39);
insert into workspaces (workspace_id, room_id, row_numer, col_number) values (31, 31, 21, 58);
insert into workspaces (workspace_id, room_id, row_numer, col_number) values (32, 32, 6, 17);
insert into workspaces (workspace_id, room_id, row_numer, col_number) values (33, 33, 25, 53);
insert into workspaces (workspace_id, room_id, row_numer, col_number) values (34, 34, 53, 9);
insert into workspaces (workspace_id, room_id, row_numer, col_number) values (35, 35, 47, 28);
insert into workspaces (workspace_id, room_id, row_numer, col_number) values (36, 36, 16, 48);
insert into workspaces (workspace_id, room_id, row_numer, col_number) values (37, 37, 51, 24);
insert into workspaces (workspace_id, room_id, row_numer, col_number) values (38, 38, 56, 31);
insert into workspaces (workspace_id, room_id, row_numer, col_number) values (39, 39, 45, 90);
insert into workspaces (workspace_id, room_id, row_numer, col_number) values (40, 40, 72, 29);
insert into workspaces (workspace_id, room_id, row_numer, col_number) values (41, 41, 54, 100);
insert into workspaces (workspace_id, room_id, row_numer, col_number) values (42, 42, 36, 76);
insert into workspaces (workspace_id, room_id, row_numer, col_number) values (43, 43, 22, 81);
insert into workspaces (workspace_id, room_id, row_numer, col_number) values (44, 44, 59, 7);
insert into workspaces (workspace_id, room_id, row_numer, col_number) values (45, 45, 58, 85);
insert into workspaces (workspace_id, room_id, row_numer, col_number) values (46, 46, 53, 90);
insert into workspaces (workspace_id, room_id, row_numer, col_number) values (47, 47, 59, 22);
insert into workspaces (workspace_id, room_id, row_numer, col_number) values (48, 48, 66, 31);
insert into workspaces (workspace_id, room_id, row_numer, col_number) values (49, 49, 32, 64);
insert into workspaces (workspace_id, room_id, row_numer, col_number) values (50, 50, 92, 95);
insert into workspaces (workspace_id, room_id, row_numer, col_number) values (51, 51, 31, 59);
insert into workspaces (workspace_id, room_id, row_numer, col_number) values (52, 52, 48, 67);
insert into workspaces (workspace_id, room_id, row_numer, col_number) values (53, 53, 8, 60);
insert into workspaces (workspace_id, room_id, row_numer, col_number) values (54, 54, 48, 31);
insert into workspaces (workspace_id, room_id, row_numer, col_number) values (55, 55, 54, 10);
insert into workspaces (workspace_id, room_id, row_numer, col_number) values (56, 56, 56, 5);
insert into workspaces (workspace_id, room_id, row_numer, col_number) values (57, 57, 3, 16);
insert into workspaces (workspace_id, room_id, row_numer, col_number) values (58, 58, 8, 44);
insert into workspaces (workspace_id, room_id, row_numer, col_number) values (59, 59, 21, 14);
insert into workspaces (workspace_id, room_id, row_numer, col_number) values (60, 60, 85, 45);
insert into workspaces (workspace_id, room_id, row_numer, col_number) values (61, 61, 71, 32);
insert into workspaces (workspace_id, room_id, row_numer, col_number) values (62, 62, 27, 71);
insert into workspaces (workspace_id, room_id, row_numer, col_number) values (63, 63, 52, 19);
insert into workspaces (workspace_id, room_id, row_numer, col_number) values (64, 64, 8, 42);
insert into workspaces (workspace_id, room_id, row_numer, col_number) values (65, 65, 84, 20);
insert into workspaces (workspace_id, room_id, row_numer, col_number) values (66, 66, 93, 94);
insert into workspaces (workspace_id, room_id, row_numer, col_number) values (67, 67, 56, 71);
insert into workspaces (workspace_id, room_id, row_numer, col_number) values (68, 68, 24, 37);
insert into workspaces (workspace_id, room_id, row_numer, col_number) values (69, 69, 60, 23);
insert into workspaces (workspace_id, room_id, row_numer, col_number) values (70, 70, 1, 80);
insert into workspaces (workspace_id, room_id, row_numer, col_number) values (71, 71, 69, 4);
insert into workspaces (workspace_id, room_id, row_numer, col_number) values (72, 72, 31, 54);
insert into workspaces (workspace_id, room_id, row_numer, col_number) values (73, 73, 60, 45);
insert into workspaces (workspace_id, room_id, row_numer, col_number) values (74, 74, 83, 74);
insert into workspaces (workspace_id, room_id, row_numer, col_number) values (75, 75, 83, 14);
insert into workspaces (workspace_id, room_id, row_numer, col_number) values (76, 76, 30, 88);
insert into workspaces (workspace_id, room_id, row_numer, col_number) values (77, 77, 80, 9);
insert into workspaces (workspace_id, room_id, row_numer, col_number) values (78, 78, 19, 53);
insert into workspaces (workspace_id, room_id, row_numer, col_number) values (79, 79, 37, 71);
insert into workspaces (workspace_id, room_id, row_numer, col_number) values (80, 80, 92, 47);
insert into workspaces (workspace_id, room_id, row_numer, col_number) values (81, 81, 79, 46);
insert into workspaces (workspace_id, room_id, row_numer, col_number) values (82, 82, 80, 56);
insert into workspaces (workspace_id, room_id, row_numer, col_number) values (83, 83, 96, 10);
insert into workspaces (workspace_id, room_id, row_numer, col_number) values (84, 84, 15, 47);
insert into workspaces (workspace_id, room_id, row_numer, col_number) values (85, 85, 18, 81);
insert into workspaces (workspace_id, room_id, row_numer, col_number) values (86, 86, 10, 21);
insert into workspaces (workspace_id, room_id, row_numer, col_number) values (87, 87, 88, 51);
insert into workspaces (workspace_id, room_id, row_numer, col_number) values (88, 88, 33, 73);
insert into workspaces (workspace_id, room_id, row_numer, col_number) values (89, 89, 90, 48);
insert into workspaces (workspace_id, room_id, row_numer, col_number) values (90, 90, 65, 80);
insert into workspaces (workspace_id, room_id, row_numer, col_number) values (91, 91, 60, 18);
insert into workspaces (workspace_id, room_id, row_numer, col_number) values (92, 92, 29, 52);
insert into workspaces (workspace_id, room_id, row_numer, col_number) values (93, 93, 70, 5);
insert into workspaces (workspace_id, room_id, row_numer, col_number) values (94, 94, 98, 33);
insert into workspaces (workspace_id, room_id, row_numer, col_number) values (95, 95, 3, 59);
insert into workspaces (workspace_id, room_id, row_numer, col_number) values (96, 96, 17, 55);
insert into workspaces (workspace_id, room_id, row_numer, col_number) values (97, 97, 79, 53);
insert into workspaces (workspace_id, room_id, row_numer, col_number) values (98, 98, 40, 33);
insert into workspaces (workspace_id, room_id, row_numer, col_number) values (99, 99, 51, 84);
insert into workspaces (workspace_id, room_id, row_numer, col_number) values (100, 100, 90, 45);

insert into bookings (booking_id, user_id, workspace_id, session_id, booking_time) values (1, 19, 1, 36, '5/26/2024');
insert into bookings (booking_id, user_id, workspace_id, session_id, booking_time) values (2, 23, 2, 50, '10/4/2023');
insert into bookings (booking_id, user_id, workspace_id, session_id, booking_time) values (3, 42, 3, 60, '10/1/2023');
insert into bookings (booking_id, user_id, workspace_id, session_id, booking_time) values (4, 29, 4, 35, '3/24/2024');
insert into bookings (booking_id, user_id, workspace_id, session_id, booking_time) values (5, 18, 5, 97, '2/7/2024');
insert into bookings (booking_id, user_id, workspace_id, session_id, booking_time) values (6, 60, 6, 47, '12/12/2023');
insert into bookings (booking_id, user_id, workspace_id, session_id, booking_time) values (7, 56, 7, 46, '6/5/2024');
insert into bookings (booking_id, user_id, workspace_id, session_id, booking_time) values (8, 39, 8, 54, '7/22/2023');
insert into bookings (booking_id, user_id, workspace_id, session_id, booking_time) values (9, 6, 9, 39, '6/2/2024');
insert into bookings (booking_id, user_id, workspace_id, session_id, booking_time) values (10, 56, 10, 32, '9/11/2023');
insert into bookings (booking_id, user_id, workspace_id, session_id, booking_time) values (11, 3, 11, 74, '4/22/2024');
insert into bookings (booking_id, user_id, workspace_id, session_id, booking_time) values (12, 23, 12, 92, '10/22/2023');
insert into bookings (booking_id, user_id, workspace_id, session_id, booking_time) values (13, 77, 13, 34, '3/4/2024');
insert into bookings (booking_id, user_id, workspace_id, session_id, booking_time) values (14, 16, 14, 58, '10/5/2023');
insert into bookings (booking_id, user_id, workspace_id, session_id, booking_time) values (15, 37, 15, 73, '2/26/2024');
insert into bookings (booking_id, user_id, workspace_id, session_id, booking_time) values (16, 88, 16, 14, '9/17/2023');
insert into bookings (booking_id, user_id, workspace_id, session_id, booking_time) values (17, 76, 17, 37, '12/24/2023');
insert into bookings (booking_id, user_id, workspace_id, session_id, booking_time) values (18, 62, 18, 22, '8/20/2023');
insert into bookings (booking_id, user_id, workspace_id, session_id, booking_time) values (19, 23, 19, 22, '7/10/2023');
insert into bookings (booking_id, user_id, workspace_id, session_id, booking_time) values (20, 7, 20, 21, '9/4/2023');
insert into bookings (booking_id, user_id, workspace_id, session_id, booking_time) values (21, 17, 21, 6, '3/6/2024');
insert into bookings (booking_id, user_id, workspace_id, session_id, booking_time) values (22, 79, 22, 56, '9/4/2023');
insert into bookings (booking_id, user_id, workspace_id, session_id, booking_time) values (23, 99, 23, 42, '10/23/2023');
insert into bookings (booking_id, user_id, workspace_id, session_id, booking_time) values (24, 15, 24, 16, '11/25/2023');
insert into bookings (booking_id, user_id, workspace_id, session_id, booking_time) values (25, 98, 25, 97, '8/6/2023');
insert into bookings (booking_id, user_id, workspace_id, session_id, booking_time) values (26, 54, 26, 27, '4/26/2024');
insert into bookings (booking_id, user_id, workspace_id, session_id, booking_time) values (27, 25, 27, 21, '9/30/2023');
insert into bookings (booking_id, user_id, workspace_id, session_id, booking_time) values (28, 57, 28, 42, '7/24/2023');
insert into bookings (booking_id, user_id, workspace_id, session_id, booking_time) values (29, 46, 29, 4, '4/29/2024');
insert into bookings (booking_id, user_id, workspace_id, session_id, booking_time) values (30, 30, 30, 32, '9/30/2023');
insert into bookings (booking_id, user_id, workspace_id, session_id, booking_time) values (31, 43, 31, 83, '12/1/2023');
insert into bookings (booking_id, user_id, workspace_id, session_id, booking_time) values (32, 1, 32, 76, '2/19/2024');
insert into bookings (booking_id, user_id, workspace_id, session_id, booking_time) values (33, 41, 33, 24, '9/16/2023');
insert into bookings (booking_id, user_id, workspace_id, session_id, booking_time) values (34, 63, 34, 12, '1/26/2024');
insert into bookings (booking_id, user_id, workspace_id, session_id, booking_time) values (35, 53, 35, 91, '6/29/2023');
insert into bookings (booking_id, user_id, workspace_id, session_id, booking_time) values (36, 98, 36, 17, '2/2/2024');
insert into bookings (booking_id, user_id, workspace_id, session_id, booking_time) values (37, 98, 37, 46, '10/27/2023');
insert into bookings (booking_id, user_id, workspace_id, session_id, booking_time) values (38, 45, 38, 27, '11/17/2023');
insert into bookings (booking_id, user_id, workspace_id, session_id, booking_time) values (39, 27, 39, 64, '12/8/2023');
insert into bookings (booking_id, user_id, workspace_id, session_id, booking_time) values (40, 91, 40, 75, '8/18/2023');
insert into bookings (booking_id, user_id, workspace_id, session_id, booking_time) values (41, 30, 41, 99, '1/7/2024');
insert into bookings (booking_id, user_id, workspace_id, session_id, booking_time) values (42, 61, 42, 91, '2/28/2024');
insert into bookings (booking_id, user_id, workspace_id, session_id, booking_time) values (43, 19, 43, 77, '2/17/2024');
insert into bookings (booking_id, user_id, workspace_id, session_id, booking_time) values (44, 15, 44, 68, '1/2/2024');
insert into bookings (booking_id, user_id, workspace_id, session_id, booking_time) values (45, 25, 45, 36, '2/22/2024');
insert into bookings (booking_id, user_id, workspace_id, session_id, booking_time) values (46, 87, 46, 75, '7/24/2023');
insert into bookings (booking_id, user_id, workspace_id, session_id, booking_time) values (47, 15, 47, 16, '10/24/2023');
insert into bookings (booking_id, user_id, workspace_id, session_id, booking_time) values (48, 84, 48, 76, '8/13/2023');
insert into bookings (booking_id, user_id, workspace_id, session_id, booking_time) values (49, 57, 49, 72, '6/10/2024');
insert into bookings (booking_id, user_id, workspace_id, session_id, booking_time) values (50, 92, 50, 23, '3/7/2024');
insert into bookings (booking_id, user_id, workspace_id, session_id, booking_time) values (51, 12, 51, 86, '4/27/2024');
insert into bookings (booking_id, user_id, workspace_id, session_id, booking_time) values (52, 98, 52, 11, '1/10/2024');
insert into bookings (booking_id, user_id, workspace_id, session_id, booking_time) values (53, 35, 53, 61, '8/23/2023');
insert into bookings (booking_id, user_id, workspace_id, session_id, booking_time) values (54, 65, 54, 24, '3/19/2024');
insert into bookings (booking_id, user_id, workspace_id, session_id, booking_time) values (55, 27, 55, 95, '6/9/2024');
insert into bookings (booking_id, user_id, workspace_id, session_id, booking_time) values (56, 82, 56, 71, '2/17/2024');
insert into bookings (booking_id, user_id, workspace_id, session_id, booking_time) values (57, 68, 57, 84, '4/29/2024');
insert into bookings (booking_id, user_id, workspace_id, session_id, booking_time) values (58, 12, 58, 45, '3/15/2024');
insert into bookings (booking_id, user_id, workspace_id, session_id, booking_time) values (59, 68, 59, 6, '9/27/2023');
insert into bookings (booking_id, user_id, workspace_id, session_id, booking_time) values (60, 29, 60, 31, '6/21/2023');
insert into bookings (booking_id, user_id, workspace_id, session_id, booking_time) values (61, 73, 61, 58, '2/11/2024');
insert into bookings (booking_id, user_id, workspace_id, session_id, booking_time) values (62, 29, 62, 26, '8/25/2023');
insert into bookings (booking_id, user_id, workspace_id, session_id, booking_time) values (63, 30, 63, 39, '11/24/2023');
insert into bookings (booking_id, user_id, workspace_id, session_id, booking_time) values (64, 89, 64, 45, '5/29/2024');
insert into bookings (booking_id, user_id, workspace_id, session_id, booking_time) values (65, 33, 65, 17, '12/7/2023');
insert into bookings (booking_id, user_id, workspace_id, session_id, booking_time) values (66, 10, 66, 85, '8/3/2023');
insert into bookings (booking_id, user_id, workspace_id, session_id, booking_time) values (67, 53, 67, 40, '1/4/2024');
insert into bookings (booking_id, user_id, workspace_id, session_id, booking_time) values (68, 13, 68, 29, '11/21/2023');
insert into bookings (booking_id, user_id, workspace_id, session_id, booking_time) values (69, 97, 69, 55, '4/8/2024');
insert into bookings (booking_id, user_id, workspace_id, session_id, booking_time) values (70, 98, 70, 20, '5/21/2024');
insert into bookings (booking_id, user_id, workspace_id, session_id, booking_time) values (71, 55, 71, 9, '11/12/2023');
insert into bookings (booking_id, user_id, workspace_id, session_id, booking_time) values (72, 56, 72, 84, '10/21/2023');
insert into bookings (booking_id, user_id, workspace_id, session_id, booking_time) values (73, 27, 73, 53, '4/21/2024');
insert into bookings (booking_id, user_id, workspace_id, session_id, booking_time) values (74, 70, 74, 79, '7/1/2023');
insert into bookings (booking_id, user_id, workspace_id, session_id, booking_time) values (75, 88, 75, 34, '6/15/2024');
insert into bookings (booking_id, user_id, workspace_id, session_id, booking_time) values (76, 36, 76, 33, '5/15/2024');
insert into bookings (booking_id, user_id, workspace_id, session_id, booking_time) values (77, 62, 77, 88, '3/30/2024');
insert into bookings (booking_id, user_id, workspace_id, session_id, booking_time) values (78, 74, 78, 1, '9/4/2023');
insert into bookings (booking_id, user_id, workspace_id, session_id, booking_time) values (79, 47, 79, 66, '6/28/2023');
insert into bookings (booking_id, user_id, workspace_id, session_id, booking_time) values (80, 55, 80, 82, '1/6/2024');
insert into bookings (booking_id, user_id, workspace_id, session_id, booking_time) values (81, 66, 81, 35, '12/17/2023');
insert into bookings (booking_id, user_id, workspace_id, session_id, booking_time) values (82, 15, 82, 34, '2/16/2024');
insert into bookings (booking_id, user_id, workspace_id, session_id, booking_time) values (83, 49, 83, 34, '10/15/2023');
insert into bookings (booking_id, user_id, workspace_id, session_id, booking_time) values (84, 39, 84, 72, '3/6/2024');
insert into bookings (booking_id, user_id, workspace_id, session_id, booking_time) values (85, 88, 85, 47, '5/19/2024');
insert into bookings (booking_id, user_id, workspace_id, session_id, booking_time) values (86, 75, 86, 45, '6/18/2024');
insert into bookings (booking_id, user_id, workspace_id, session_id, booking_time) values (87, 34, 87, 85, '6/28/2023');
insert into bookings (booking_id, user_id, workspace_id, session_id, booking_time) values (88, 83, 88, 9, '11/12/2023');
insert into bookings (booking_id, user_id, workspace_id, session_id, booking_time) values (89, 40, 89, 6, '12/29/2023');
insert into bookings (booking_id, user_id, workspace_id, session_id, booking_time) values (90, 63, 90, 57, '10/6/2023');
insert into bookings (booking_id, user_id, workspace_id, session_id, booking_time) values (91, 32, 91, 52, '7/22/2023');
insert into bookings (booking_id, user_id, workspace_id, session_id, booking_time) values (92, 1, 92, 72, '7/20/2023');
insert into bookings (booking_id, user_id, workspace_id, session_id, booking_time) values (93, 66, 93, 70, '8/17/2023');
insert into bookings (booking_id, user_id, workspace_id, session_id, booking_time) values (94, 79, 94, 93, '3/31/2024');
insert into bookings (booking_id, user_id, workspace_id, session_id, booking_time) values (95, 82, 95, 52, '6/17/2024');
insert into bookings (booking_id, user_id, workspace_id, session_id, booking_time) values (96, 56, 96, 95, '8/21/2023');
insert into bookings (booking_id, user_id, workspace_id, session_id, booking_time) values (97, 75, 97, 5, '6/11/2024');
insert into bookings (booking_id, user_id, workspace_id, session_id, booking_time) values (98, 33, 98, 68, '7/3/2023');
insert into bookings (booking_id, user_id, workspace_id, session_id, booking_time) values (99, 99, 99, 97, '1/4/2024');
insert into bookings (booking_id, user_id, workspace_id, session_id, booking_time) values (100, 61, 100, 32, '9/14/2023');